{
	"name": "Default bindings for HPMixedRealityController",
	"controller_type": "hpmotioncontroller",
	"last_edited_by": "UnrealEngine",
	"bindings":
	{
		"/actions/main":
		{
			"sources": [],
			"poses": [
				{
					"output": "/actions/main/in/controllerleft",
					"path": "/user/hand/left/pose/raw",
					"requirement": "optional"
				},
				{
					"output": "/actions/main/in/controllerright",
					"path": "/user/hand/right/pose/raw"
				}
			],
			"skeleton": [
				{
					"output": "/actions/main/in/skeletonleft",
					"path": "/user/hand/left/input/skeleton/left"
				},
				{
					"output": "/actions/main/in/skeletonright",
					"path": "/user/hand/right/input/skeleton/right"
				}
			],
			"haptics": [
				{
					"output": "/actions/main/out/vibrateleft",
					"path": "/user/hand/left/output/haptic"
				},
				{
					"output": "/actions/main/out/vibrateright",
					"path": "/user/hand/right/output/haptic"
				}
			]
		}
	},
	"description": "Theta_Live_Stream-15973114"
}